deporte,promedio_rendimiento
ATLETISMO,5.925955554290917
BALONCESTO,5.185504717357217
BOXEO,5.944518011366179
CICLISMO,5.45627534763272
FUTBOL,5.261207863281635
NATACION,5.441680568776773
RUGBY,5.678660994764398
TENIS,5.774218066982465
VOLEIBOL,5.626760387657346
