deporte,promedio_rendimiento
ATLETISMO,5.957157272458562
BALONCESTO,5.001463477194156
BASKETBALL,5.547014000610936
BOXEO,5.8628034613915325
CICLISMO,5.462369865789948
FUTBOL,5.2693179667730226
NATACION,5.491925190487186
NATACIÓ,5.599183517725914
RUGBY,5.714407560582656
TENIS,5.827293736035963
TENNIS,5.666225958338469
VOLEIBOL,5.643817662136495
